,lon,lat,Name,Probability,DetectionId,ProductStartTime,ProductStopTime,Polarization,Beam,Length,Type,Heading,footprint,scene_id
0,-148.385947,-10.176017,FID: 1,50.0,a40733c2-5382-4cd0-96e3-db4ee19db3d6,2019-08-10 04:17:41.648000+00:00,2019-08-10 04:18:55.733000+00:00,HH,10.59,65.61,VESSEL,151.25,"POLYGON ((-149.23267984 -7.547910968, -145.157298587 -6.578869388, -144.086371389 -10.912865286, -148.202476973 -11.920979857, -149.23267984 -7.547910968))",RS2_20190810_041741_0074_DVWF_HH_SCS_748061_9282_29818027
1,-145.702282,-9.715281,FID: 2,100.0,77470000-ede9-4b28-bf05-98fa7d28250b,2019-08-10 04:17:41.648000+00:00,2019-08-10 04:18:55.733000+00:00,HH,21.57,142.58,VESSEL,188.18,"POLYGON ((-149.23267984 -7.547910968, -145.157298587 -6.578869388, -144.086371389 -10.912865286, -148.202476973 -11.920979857, -149.23267984 -7.547910968))",RS2_20190810_041741_0074_DVWF_HH_SCS_748061_9282_29818027
2,-145.24708600000002,-9.844128,FID: 3,100.0,97369501-4a68-4165-980e-0836821d80da,2019-08-10 04:17:41.648000+00:00,2019-08-10 04:18:55.733000+00:00,HH,29.41,208.98,VESSEL,185.45,"POLYGON ((-149.23267984 -7.547910968, -145.157298587 -6.578869388, -144.086371389 -10.912865286, -148.202476973 -11.920979857, -149.23267984 -7.547910968))",RS2_20190810_041741_0074_DVWF_HH_SCS_748061_9282_29818027
3,-145.074865,-9.848066000000001,FID: 4,100.0,1c270d93-82c5-485e-8c0b-9a164f3a46ff,2019-08-10 04:17:41.648000+00:00,2019-08-10 04:18:55.733000+00:00,HH,23.53,183.34,VESSEL,184.96,"POLYGON ((-149.23267984 -7.547910968, -145.157298587 -6.578869388, -144.086371389 -10.912865286, -148.202476973 -11.920979857, -149.23267984 -7.547910968))",RS2_20190810_041741_0074_DVWF_HH_SCS_748061_9282_29818027
4,-144.63742299999998,-9.748177,FID: 5,75.0,5a515e06-88e1-434c-8f96-c8396e1d99e6,2019-08-10 04:17:41.648000+00:00,2019-08-10 04:18:55.733000+00:00,HH,19.61,105.32,VESSEL,183.5,"POLYGON ((-149.23267984 -7.547910968, -145.157298587 -6.578869388, -144.086371389 -10.912865286, -148.202476973 -11.920979857, -149.23267984 -7.547910968))",RS2_20190810_041741_0074_DVWF_HH_SCS_748061_9282_29818027
5,-146.62938300000002,-10.252633,FID: 6,75.0,00960bb3-1463-4754-9445-1a2aad8e78a2,2019-08-10 04:17:41.648000+00:00,2019-08-10 04:18:55.733000+00:00,HH,19.61,102.46,VESSEL,155.48,"POLYGON ((-149.23267984 -7.547910968, -145.157298587 -6.578869388, -144.086371389 -10.912865286, -148.202476973 -11.920979857, -149.23267984 -7.547910968))",RS2_20190810_041741_0074_DVWF_HH_SCS_748061_9282_29818027
6,-144.798588,-9.900091,FID: 7,100.0,305b4f31-56f4-40d6-b92a-e4b4819c7aec,2019-08-10 04:17:41.648000+00:00,2019-08-10 04:18:55.733000+00:00,HH,23.01,94.75,VESSEL,161.44,"POLYGON ((-149.23267984 -7.547910968, -145.157298587 -6.578869388, -144.086371389 -10.912865286, -148.202476973 -11.920979857, -149.23267984 -7.547910968))",RS2_20190810_041741_0074_DVWF_HH_SCS_748061_9282_29818027
7,-146.19415,-9.207065,FID: 0,75.0,29825104-10b1-414e-944e-791893471dbd,2019-08-10 04:17:41.648000+00:00,2019-08-10 04:18:55.733000+00:00,HH,19.29,116.25,VESSEL,7.26,"POLYGON ((-149.23267984 -7.547910968, -145.157298587 -6.578869388, -144.086371389 -10.912865286, -148.202476973 -11.920979857, -149.23267984 -7.547910968))",RS2_20190810_041741_0074_DVWF_HH_SCS_748061_9282_29818027
8,-146.717866,-10.390564,FID: 8,100.0,40a69832-1801-438e-a98c-2428b93ee7a7,2019-08-10 04:17:41.648000+00:00,2019-08-10 04:18:55.733000+00:00,HH,26.73,116.66,VESSEL,150.92,"POLYGON ((-149.23267984 -7.547910968, -145.157298587 -6.578869388, -144.086371389 -10.912865286, -148.202476973 -11.920979857, -149.23267984 -7.547910968))",RS2_20190810_041741_0074_DVWF_HH_SCS_748061_9282_29818027
9,-145.348967,-10.249092,FID: 9,100.0,76c13554-404f-49cc-aaf8-335ffd9bd41f,2019-08-10 04:17:41.648000+00:00,2019-08-10 04:18:55.733000+00:00,HH,17.65,115.83,VESSEL,189.18,"POLYGON ((-149.23267984 -7.547910968, -145.157298587 -6.578869388, -144.086371389 -10.912865286, -148.202476973 -11.920979857, -149.23267984 -7.547910968))",RS2_20190810_041741_0074_DVWF_HH_SCS_748061_9282_29818027
10,-144.588607,-10.233492,FID: 10,100.0,d47238a6-7e92-47a3-9a2d-1b145e773ab1,2019-08-10 04:17:41.648000+00:00,2019-08-10 04:18:55.733000+00:00,HH,11.91,72.46,VESSEL,333.61,"POLYGON ((-149.23267984 -7.547910968, -145.157298587 -6.578869388, -144.086371389 -10.912865286, -148.202476973 -11.920979857, -149.23267984 -7.547910968))",RS2_20190810_041741_0074_DVWF_HH_SCS_748061_9282_29818027
11,-144.799011,-10.64401,FID: 11,50.0,0c2fe7dc-0da9-4548-bb1c-6197f5f48089,2019-08-10 04:17:41.648000+00:00,2019-08-10 04:18:55.733000+00:00,HH,19.97,83.03,VESSEL,340.7,"POLYGON ((-149.23267984 -7.547910968, -145.157298587 -6.578869388, -144.086371389 -10.912865286, -148.202476973 -11.920979857, -149.23267984 -7.547910968))",RS2_20190810_041741_0074_DVWF_HH_SCS_748061_9282_29818027
12,-146.872755,-7.125578,FID: 1,75.0,e7a5b780-e3d7-4f49-abc4-45df3acad62e,2019-09-17 15:10:00.300000+00:00,2019-09-17 15:11:14.398000+00:00,HH,22.54,107.72,VESSEL,191.35,"POLYGON ((-147.081654748 -6.142292683, -143.011739803 -7.106956977, -144.038123547 -11.481081395, -148.146398362 -10.477646416, -147.081654748 -6.142292683))",RS2_20190917_151000_0074_DVWF_HH_SCS_757762_9770_29818070
13,-147.155811,-7.224552,FID: 2,75.0,edf245ef-7a21-47b9-a371-d294f119f03c,2019-09-17 15:10:00.300000+00:00,2019-09-17 15:11:14.398000+00:00,HH,20.68,121.6,VESSEL,202.61,"POLYGON ((-147.081654748 -6.142292683, -143.011739803 -7.106956977, -144.038123547 -11.481081395, -148.146398362 -10.477646416, -147.081654748 -6.142292683))",RS2_20190917_151000_0074_DVWF_HH_SCS_757762_9770_29818070
14,-147.338405,-7.467999000000001,FID: 3,100.0,d8bc81ff-dc57-4571-b9d9-ab12735e05e4,2019-09-17 15:10:00.300000+00:00,2019-09-17 15:11:14.398000+00:00,HH,17.82,104.73,VESSEL,223.42,"POLYGON ((-147.081654748 -6.142292683, -143.011739803 -7.106956977, -144.038123547 -11.481081395, -148.146398362 -10.477646416, -147.081654748 -6.142292683))",RS2_20190917_151000_0074_DVWF_HH_SCS_757762_9770_29818070
15,-145.5163,-8.584131,FID: 4,100.0,5aca1ea0-f61d-4b2e-bdec-d23018c10926,2019-09-17 15:10:00.300000+00:00,2019-09-17 15:11:14.398000+00:00,HH,21.69,115.3,VESSEL,221.32,"POLYGON ((-147.081654748 -6.142292683, -143.011739803 -7.106956977, -144.038123547 -11.481081395, -148.146398362 -10.477646416, -147.081654748 -6.142292683))",RS2_20190917_151000_0074_DVWF_HH_SCS_757762_9770_29818070
16,-145.473945,-8.632660000000001,FID: 5,100.0,c7422f50-41fc-4472-947d-5f7b9117064a,2019-09-17 15:10:00.300000+00:00,2019-09-17 15:11:14.398000+00:00,HH,15.75,122.02,VESSEL,28.95,"POLYGON ((-147.081654748 -6.142292683, -143.011739803 -7.106956977, -144.038123547 -11.481081395, -148.146398362 -10.477646416, -147.081654748 -6.142292683))",RS2_20190917_151000_0074_DVWF_HH_SCS_757762_9770_29818070
17,-145.030708,-8.975624,FID: 6,100.0,f6f3221d-d23a-44b7-a333-2ee1a263aa89,2019-09-17 15:10:00.300000+00:00,2019-09-17 15:11:14.398000+00:00,HH,20.16,100.49,VESSEL,326.31,"POLYGON ((-147.081654748 -6.142292683, -143.011739803 -7.106956977, -144.038123547 -11.481081395, -148.146398362 -10.477646416, -147.081654748 -6.142292683))",RS2_20190917_151000_0074_DVWF_HH_SCS_757762_9770_29818070
18,-144.992347,-9.010689999999999,FID: 7,100.0,5b812061-55e1-450d-903c-f67044046e95,2019-09-17 15:10:00.300000+00:00,2019-09-17 15:11:14.398000+00:00,HH,25.65,111.15,VESSEL,348.05,"POLYGON ((-147.081654748 -6.142292683, -143.011739803 -7.106956977, -144.038123547 -11.481081395, -148.146398362 -10.477646416, -147.081654748 -6.142292683))",RS2_20190917_151000_0074_DVWF_HH_SCS_757762_9770_29818070
19,-146.902776,-8.954153,FID: 9,20.0,36cd3e5a-1225-4c63-8b5e-99db75f1e48d,2019-09-17 15:10:00.300000+00:00,2019-09-17 15:11:14.398000+00:00,HH,9.71,67.47,VESSEL,209.39,"POLYGON ((-147.081654748 -6.142292683, -143.011739803 -7.106956977, -144.038123547 -11.481081395, -148.146398362 -10.477646416, -147.081654748 -6.142292683))",RS2_20190917_151000_0074_DVWF_HH_SCS_757762_9770_29818070
20,-145.667326,-9.279636,FID: 10,100.0,9d993d59-01c5-4891-9104-ea7e99dd4323,2019-09-17 15:10:00.300000+00:00,2019-09-17 15:11:14.398000+00:00,HH,17.66,129.21,VESSEL,222.01,"POLYGON ((-147.081654748 -6.142292683, -143.011739803 -7.106956977, -144.038123547 -11.481081395, -148.146398362 -10.477646416, -147.081654748 -6.142292683))",RS2_20190917_151000_0074_DVWF_HH_SCS_757762_9770_29818070
21,-144.566726,-9.618323,FID: 11,100.0,5b1f5b53-fdc7-4a6e-9d53-e085a210963b,2019-09-17 15:10:00.300000+00:00,2019-09-17 15:11:14.398000+00:00,HH,25.14,155.99,VESSEL,15.72,"POLYGON ((-147.081654748 -6.142292683, -143.011739803 -7.106956977, -144.038123547 -11.481081395, -148.146398362 -10.477646416, -147.081654748 -6.142292683))",RS2_20190917_151000_0074_DVWF_HH_SCS_757762_9770_29818070
22,-145.831411,-9.633107,FID: 12,100.0,ec46a6ae-42b8-4eb0-b189-876de6dd8cf4,2019-09-17 15:10:00.300000+00:00,2019-09-17 15:11:14.398000+00:00,HH,14.8,108.86,VESSEL,222.69,"POLYGON ((-147.081654748 -6.142292683, -143.011739803 -7.106956977, -144.038123547 -11.481081395, -148.146398362 -10.477646416, -147.081654748 -6.142292683))",RS2_20190917_151000_0074_DVWF_HH_SCS_757762_9770_29818070
23,-144.455449,-9.962989,FID: 13,100.0,a846db8c-8e27-4880-86ae-ee20c1aca818,2019-09-17 15:10:00.300000+00:00,2019-09-17 15:11:14.398000+00:00,HH,14.58,96.47,VESSEL,57.76,"POLYGON ((-147.081654748 -6.142292683, -143.011739803 -7.106956977, -144.038123547 -11.481081395, -148.146398362 -10.477646416, -147.081654748 -6.142292683))",RS2_20190917_151000_0074_DVWF_HH_SCS_757762_9770_29818070
24,-145.545183,-9.82029,FID: 14,100.0,59d0d195-4e97-4302-b112-c0cc3675c299,2019-09-17 15:10:00.300000+00:00,2019-09-17 15:11:14.398000+00:00,HH,15.75,176.67,VESSEL,205.1,"POLYGON ((-147.081654748 -6.142292683, -143.011739803 -7.106956977, -144.038123547 -11.481081395, -148.146398362 -10.477646416, -147.081654748 -6.142292683))",RS2_20190917_151000_0074_DVWF_HH_SCS_757762_9770_29818070
25,-145.676008,-10.074864,FID: 15,100.0,c424c91f-bfdd-4918-87d4-b7539d88182f,2019-09-17 15:10:00.300000+00:00,2019-09-17 15:11:14.398000+00:00,HH,24.21,101.62,VESSEL,230.27,"POLYGON ((-147.081654748 -6.142292683, -143.011739803 -7.106956977, -144.038123547 -11.481081395, -148.146398362 -10.477646416, -147.081654748 -6.142292683))",RS2_20190917_151000_0074_DVWF_HH_SCS_757762_9770_29818070
26,-145.58061,-10.323282,FID: 17,100.0,5072b641-ef9d-49f3-be9a-c7f04762db11,2019-09-17 15:10:00.300000+00:00,2019-09-17 15:11:14.398000+00:00,HH,24.62,123.33,VESSEL,347.94,"POLYGON ((-147.081654748 -6.142292683, -143.011739803 -7.106956977, -144.038123547 -11.481081395, -148.146398362 -10.477646416, -147.081654748 -6.142292683))",RS2_20190917_151000_0074_DVWF_HH_SCS_757762_9770_29818070
27,-145.410769,-10.456050999999999,FID: 18,100.0,45e94799-de76-4eb8-a284-60d093a3c79b,2019-09-17 15:10:00.300000+00:00,2019-09-17 15:11:14.398000+00:00,HH,21.01,124.48,VESSEL,45.31,"POLYGON ((-147.081654748 -6.142292683, -143.011739803 -7.106956977, -144.038123547 -11.481081395, -148.146398362 -10.477646416, -147.081654748 -6.142292683))",RS2_20190917_151000_0074_DVWF_HH_SCS_757762_9770_29818070
28,-146.00218600000002,-10.385507,FID: 19,100.0,e109414d-a7ef-40da-9260-3d6badaf7b4a,2019-09-17 15:10:00.300000+00:00,2019-09-17 15:11:14.398000+00:00,HH,18.22,103.79,VESSEL,232.83,"POLYGON ((-147.081654748 -6.142292683, -143.011739803 -7.106956977, -144.038123547 -11.481081395, -148.146398362 -10.477646416, -147.081654748 -6.142292683))",RS2_20190917_151000_0074_DVWF_HH_SCS_757762_9770_29818070
29,-145.77570500000002,-10.473011999999999,FID: 20,100.0,43ca648a-defd-47bf-b317-80df0ba676c8,2019-09-17 15:10:00.300000+00:00,2019-09-17 15:11:14.398000+00:00,HH,15.57,75.88,VESSEL,164.57,"POLYGON ((-147.081654748 -6.142292683, -143.011739803 -7.106956977, -144.038123547 -11.481081395, -148.146398362 -10.477646416, -147.081654748 -6.142292683))",RS2_20190917_151000_0074_DVWF_HH_SCS_757762_9770_29818070
30,-145.736019,-10.658249,FID: 21,100.0,30a2ee10-11a5-4d56-a930-7054685b1304,2019-09-17 15:10:00.300000+00:00,2019-09-17 15:11:14.398000+00:00,HH,19.02,135.53,VESSEL,209.66,"POLYGON ((-147.081654748 -6.142292683, -143.011739803 -7.106956977, -144.038123547 -11.481081395, -148.146398362 -10.477646416, -147.081654748 -6.142292683))",RS2_20190917_151000_0074_DVWF_HH_SCS_757762_9770_29818070
31,-146.327595,-10.559676,FID: 22,100.0,83eebce3-2a6e-4fe5-8b36-746a5253f3cf,2019-09-17 15:10:00.300000+00:00,2019-09-17 15:11:14.398000+00:00,HH,17.66,140.17,VESSEL,205.97,"POLYGON ((-147.081654748 -6.142292683, -143.011739803 -7.106956977, -144.038123547 -11.481081395, -148.146398362 -10.477646416, -147.081654748 -6.142292683))",RS2_20190917_151000_0074_DVWF_HH_SCS_757762_9770_29818070
32,-146.628549,-10.766631,FID: 23,100.0,48a05749-309c-4ef9-af3e-a302cfa842f2,2019-09-17 15:10:00.300000+00:00,2019-09-17 15:11:14.398000+00:00,HH,19.33,102.8,VESSEL,349.27,"POLYGON ((-147.081654748 -6.142292683, -143.011739803 -7.106956977, -144.038123547 -11.481081395, -148.146398362 -10.477646416, -147.081654748 -6.142292683))",RS2_20190917_151000_0074_DVWF_HH_SCS_757762_9770_29818070
33,-146.261981,-6.9131279999999995,FID: 0,100.0,35e5bc71-51b7-4d47-9a8e-82010c8ed0ae,2019-09-17 15:10:00.300000+00:00,2019-09-17 15:11:14.398000+00:00,HH,32.3,238.99,VESSEL,228.91,"POLYGON ((-147.081654748 -6.142292683, -143.011739803 -7.106956977, -144.038123547 -11.481081395, -148.146398362 -10.477646416, -147.081654748 -6.142292683))",RS2_20190917_151000_0074_DVWF_HH_SCS_757762_9770_29818070
34,-144.750916,-9.418247000000001,FID: 8,100.0,b7c770d5-bfa2-4663-a794-749253d6a4fc,2019-09-17 15:10:00.300000+00:00,2019-09-17 15:11:14.398000+00:00,HH,12.66,85.04,VESSEL,242.84,"POLYGON ((-147.081654748 -6.142292683, -143.011739803 -7.106956977, -144.038123547 -11.481081395, -148.146398362 -10.477646416, -147.081654748 -6.142292683))",RS2_20190917_151000_0074_DVWF_HH_SCS_757762_9770_29818070
35,-145.45540400000002,-10.183563000000001,FID: 16,100.0,579cb92a-d328-4dd3-bcef-5a68e98ce918,2019-09-17 15:10:00.300000+00:00,2019-09-17 15:11:14.398000+00:00,HH,11.34,95.28,VESSEL,234.67,"POLYGON ((-147.081654748 -6.142292683, -143.011739803 -7.106956977, -144.038123547 -11.481081395, -148.146398362 -10.477646416, -147.081654748 -6.142292683))",RS2_20190917_151000_0074_DVWF_HH_SCS_757762_9770_29818070
36,-144.711057,-9.28461,FID: 1,100.0,7ef9e2bc-1eab-4b50-b6b5-31ef74581159,2019-08-31 15:05:53.843000+00:00,2019-08-31 15:07:07.938000+00:00,HH,10.26,34.68,VESSEL,355.13,"POLYGON ((-146.092592063 -6.380791827, -142.021327952 -7.347403142, -143.049829157 -11.721047215, -147.160730138 -10.715522747, -146.092592063 -6.380791827))",RS2_20190831_150553_0074_DVWF_HH_SCS_753433_9526_29818035
37,-145.89526999999998,-9.015064,FID: 2,100.0,ab971999-e49e-43a7-b481-661f733f7648,2019-08-31 15:05:53.843000+00:00,2019-08-31 15:07:07.938000+00:00,HH,11.5,74.99,VESSEL,207.61,"POLYGON ((-146.092592063 -6.380791827, -142.021327952 -7.347403142, -143.049829157 -11.721047215, -147.160730138 -10.715522747, -146.092592063 -6.380791827))",RS2_20190831_150553_0074_DVWF_HH_SCS_753433_9526_29818035
38,-144.983728,-9.348137,FID: 3,75.0,9e53d301-29fc-4b62-a3ed-041e4e9cacc2,2019-08-31 15:05:53.843000+00:00,2019-08-31 15:07:07.938000+00:00,HH,19.6,29.52,VESSEL,351.84,"POLYGON ((-146.092592063 -6.380791827, -142.021327952 -7.347403142, -143.049829157 -11.721047215, -147.160730138 -10.715522747, -146.092592063 -6.380791827))",RS2_20190831_150553_0074_DVWF_HH_SCS_753433_9526_29818035
39,-144.317815,-9.6004,FID: 4,100.0,6aea9f90-6af2-4bf1-9ec2-dcac1550205d,2019-08-31 15:05:53.843000+00:00,2019-08-31 15:07:07.938000+00:00,HH,3.63,34.16,VESSEL,357.98,"POLYGON ((-146.092592063 -6.380791827, -142.021327952 -7.347403142, -143.049829157 -11.721047215, -147.160730138 -10.715522747, -146.092592063 -6.380791827))",RS2_20190831_150553_0074_DVWF_HH_SCS_753433_9526_29818035
40,-144.688063,-9.600445,FID: 5,100.0,526c4976-2098-4a3d-88ad-2fde212e4247,2019-08-31 15:05:53.843000+00:00,2019-08-31 15:07:07.938000+00:00,HH,12.21,49.7,VESSEL,37.11,"POLYGON ((-146.092592063 -6.380791827, -142.021327952 -7.347403142, -143.049829157 -11.721047215, -147.160730138 -10.715522747, -146.092592063 -6.380791827))",RS2_20190831_150553_0074_DVWF_HH_SCS_753433_9526_29818035
41,-145.20551799999998,-9.545729,FID: 6,100.0,5c829c6d-bdb5-4df2-96b0-679e0fa94df8,2019-08-31 15:05:53.843000+00:00,2019-08-31 15:07:07.938000+00:00,HH,9.8,33.44,VESSEL,35.85,"POLYGON ((-146.092592063 -6.380791827, -142.021327952 -7.347403142, -143.049829157 -11.721047215, -147.160730138 -10.715522747, -146.092592063 -6.380791827))",RS2_20190831_150553_0074_DVWF_HH_SCS_753433_9526_29818035
42,-144.560371,-9.833826,FID: 7,100.0,923257f8-415f-42cc-9b3a-027f21697572,2019-08-31 15:05:53.843000+00:00,2019-08-31 15:07:07.938000+00:00,HH,7.49,31.8,VESSEL,44.32,"POLYGON ((-146.092592063 -6.380791827, -142.021327952 -7.347403142, -143.049829157 -11.721047215, -147.160730138 -10.715522747, -146.092592063 -6.380791827))",RS2_20190831_150553_0074_DVWF_HH_SCS_753433_9526_29818035
43,-145.655293,-9.666400999999999,FID: 9,100.0,db9da8f2-d308-484c-ba3e-a57d32492e00,2019-08-31 15:05:53.843000+00:00,2019-08-31 15:07:07.938000+00:00,HH,14.25,49.36,VESSEL,49.64,"POLYGON ((-146.092592063 -6.380791827, -142.021327952 -7.347403142, -143.049829157 -11.721047215, -147.160730138 -10.715522747, -146.092592063 -6.380791827))",RS2_20190831_150553_0074_DVWF_HH_SCS_753433_9526_29818035
44,-145.111102,-9.958339,FID: 10,100.0,95102e90-b4b0-4342-af56-3b85e019fbb7,2019-08-31 15:05:53.843000+00:00,2019-08-31 15:07:07.938000+00:00,HH,15.59,63.0,VESSEL,164.25,"POLYGON ((-146.092592063 -6.380791827, -142.021327952 -7.347403142, -143.049829157 -11.721047215, -147.160730138 -10.715522747, -146.092592063 -6.380791827))",RS2_20190831_150553_0074_DVWF_HH_SCS_753433_9526_29818035
45,-144.608954,-10.10343,FID: 11,100.0,19aba297-690d-4c90-b9e6-f4e8048e9d14,2019-08-31 15:05:53.843000+00:00,2019-08-31 15:07:07.938000+00:00,HH,14.64,62.1,VESSEL,193.47,"POLYGON ((-146.092592063 -6.380791827, -142.021327952 -7.347403142, -143.049829157 -11.721047215, -147.160730138 -10.715522747, -146.092592063 -6.380791827))",RS2_20190831_150553_0074_DVWF_HH_SCS_753433_9526_29818035
46,-144.32800500000002,-10.183989,FID: 12,100.0,c7b65d03-3f07-4279-9d94-1ac8f9ab454a,2019-08-31 15:05:53.843000+00:00,2019-08-31 15:07:07.938000+00:00,HH,6.54,43.48,VESSEL,351.36,"POLYGON ((-146.092592063 -6.380791827, -142.021327952 -7.347403142, -143.049829157 -11.721047215, -147.160730138 -10.715522747, -146.092592063 -6.380791827))",RS2_20190831_150553_0074_DVWF_HH_SCS_753433_9526_29818035
47,-144.758668,-10.207831,FID: 13,100.0,a95799d2-a733-4c50-8df5-0663fa5130fb,2019-08-31 15:05:53.843000+00:00,2019-08-31 15:07:07.938000+00:00,HH,9.24,44.61,VESSEL,158.81,"POLYGON ((-146.092592063 -6.380791827, -142.021327952 -7.347403142, -143.049829157 -11.721047215, -147.160730138 -10.715522747, -146.092592063 -6.380791827))",RS2_20190831_150553_0074_DVWF_HH_SCS_753433_9526_29818035
48,-144.02383899999998,-10.376304,FID: 14,100.0,603ad363-801c-47d8-b6a2-0dd5c72677fd,2019-08-31 15:05:53.843000+00:00,2019-08-31 15:07:07.938000+00:00,HH,12.84,80.8,VESSEL,8.22,"POLYGON ((-146.092592063 -6.380791827, -142.021327952 -7.347403142, -143.049829157 -11.721047215, -147.160730138 -10.715522747, -146.092592063 -6.380791827))",RS2_20190831_150553_0074_DVWF_HH_SCS_753433_9526_29818035
49,-144.15741699999998,-10.426962,FID: 15,100.0,c5c14f94-cfee-4cf6-b9dd-aa8d7a5ac30f,2019-08-31 15:05:53.843000+00:00,2019-08-31 15:07:07.938000+00:00,HH,14.51,84.43,VESSEL,188.47,"POLYGON ((-146.092592063 -6.380791827, -142.021327952 -7.347403142, -143.049829157 -11.721047215, -147.160730138 -10.715522747, -146.092592063 -6.380791827))",RS2_20190831_150553_0074_DVWF_HH_SCS_753433_9526_29818035
50,-144.64722,-10.407814,FID: 17,100.0,b5077647-1420-400c-ba75-b9ea544c9e0c,2019-08-31 15:05:53.843000+00:00,2019-08-31 15:07:07.938000+00:00,HH,9.76,38.18,VESSEL,356.93,"POLYGON ((-146.092592063 -6.380791827, -142.021327952 -7.347403142, -143.049829157 -11.721047215, -147.160730138 -10.715522747, -146.092592063 -6.380791827))",RS2_20190831_150553_0074_DVWF_HH_SCS_753433_9526_29818035
51,-145.43883300000002,-10.404466000000001,FID: 18,100.0,1c9f86bb-57c6-41f1-a9ed-d03a0c4a467e,2019-08-31 15:05:53.843000+00:00,2019-08-31 15:07:07.938000+00:00,HH,13.23,77.11,VESSEL,200.4,"POLYGON ((-146.092592063 -6.380791827, -142.021327952 -7.347403142, -143.049829157 -11.721047215, -147.160730138 -10.715522747, -146.092592063 -6.380791827))",RS2_20190831_150553_0074_DVWF_HH_SCS_753433_9526_29818035
52,-144.97093700000002,-10.505635,FID: 19,100.0,2fb960e3-f4af-40b0-b6b0-2dd08d994be7,2019-08-31 15:05:53.843000+00:00,2019-08-31 15:07:07.938000+00:00,HH,9.07,90.43,VESSEL,359.64,"POLYGON ((-146.092592063 -6.380791827, -142.021327952 -7.347403142, -143.049829157 -11.721047215, -147.160730138 -10.715522747, -146.092592063 -6.380791827))",RS2_20190831_150553_0074_DVWF_HH_SCS_753433_9526_29818035
53,-145.623471,-10.402888,FID: 20,100.0,58bba737-c517-4590-bc27-3eeea393839f,2019-08-31 15:05:53.843000+00:00,2019-08-31 15:07:07.938000+00:00,HH,9.11,34.15,VESSEL,218.83,"POLYGON ((-146.092592063 -6.380791827, -142.021327952 -7.347403142, -143.049829157 -11.721047215, -147.160730138 -10.715522747, -146.092592063 -6.380791827))",RS2_20190831_150553_0074_DVWF_HH_SCS_753433_9526_29818035
54,-145.644803,-10.433593,FID: 21,100.0,d32e521b-9c3f-4ece-928d-f46ad5c53aa9,2019-08-31 15:05:53.843000+00:00,2019-08-31 15:07:07.938000+00:00,HH,7.26,31.77,VESSEL,224.61,"POLYGON ((-146.092592063 -6.380791827, -142.021327952 -7.347403142, -143.049829157 -11.721047215, -147.160730138 -10.715522747, -146.092592063 -6.380791827))",RS2_20190831_150553_0074_DVWF_HH_SCS_753433_9526_29818035
55,-145.669291,-10.462587,FID: 22,100.0,de236015-1ee0-4710-be5e-1dd328c6fbd5,2019-08-31 15:05:53.843000+00:00,2019-08-31 15:07:07.938000+00:00,HH,9.11,31.77,VESSEL,44.62,"POLYGON ((-146.092592063 -6.380791827, -142.021327952 -7.347403142, -143.049829157 -11.721047215, -147.160730138 -10.715522747, -146.092592063 -6.380791827))",RS2_20190831_150553_0074_DVWF_HH_SCS_753433_9526_29818035
56,-144.112354,-10.892197,FID: 23,100.0,d98aa1f1-ba2c-46a2-9b74-69ea34e80297,2019-08-31 15:05:53.843000+00:00,2019-08-31 15:07:07.938000+00:00,HH,14.67,24.24,VESSEL,296.85,"POLYGON ((-146.092592063 -6.380791827, -142.021327952 -7.347403142, -143.049829157 -11.721047215, -147.160730138 -10.715522747, -146.092592063 -6.380791827))",RS2_20190831_150553_0074_DVWF_HH_SCS_753433_9526_29818035
57,-145.891179,-8.546208,FID: 0,100.0,eeb0a45e-10eb-474c-b480-80b07d1a602f,2019-08-31 15:05:53.843000+00:00,2019-08-31 15:07:07.938000+00:00,HH,12.82,42.69,VESSEL,353.69,"POLYGON ((-146.092592063 -6.380791827, -142.021327952 -7.347403142, -143.049829157 -11.721047215, -147.160730138 -10.715522747, -146.092592063 -6.380791827))",RS2_20190831_150553_0074_DVWF_HH_SCS_753433_9526_29818035
58,-145.434851,-9.64706,FID: 8,100.0,9c4075e7-d914-4a18-9bb1-01fe29a05947,2019-08-31 15:05:53.843000+00:00,2019-08-31 15:07:07.938000+00:00,HH,10.62,57.51,VESSEL,24.49,"POLYGON ((-146.092592063 -6.380791827, -142.021327952 -7.347403142, -143.049829157 -11.721047215, -147.160730138 -10.715522747, -146.092592063 -6.380791827))",RS2_20190831_150553_0074_DVWF_HH_SCS_753433_9526_29818035
59,-144.95503200000002,-10.262030000000001,FID: 16,100.0,33e8e6ec-01df-4b7d-a907-520ab5a27696,2019-08-31 15:05:53.843000+00:00,2019-08-31 15:07:07.938000+00:00,HH,9.24,43.45,VESSEL,171.47,"POLYGON ((-146.092592063 -6.380791827, -142.021327952 -7.347403142, -143.049829157 -11.721047215, -147.160730138 -10.715522747, -146.092592063 -6.380791827))",RS2_20190831_150553_0074_DVWF_HH_SCS_753433_9526_29818035
60,-145.810424,-10.523361999999999,FID: 24,100.0,c02457b4-1d2d-4aca-9636-fb6a8f74be08,2019-08-31 15:05:53.843000+00:00,2019-08-31 15:07:07.938000+00:00,HH,9.75,51.68,VESSEL,341.97,"POLYGON ((-146.092592063 -6.380791827, -142.021327952 -7.347403142, -143.049829157 -11.721047215, -147.160730138 -10.715522747, -146.092592063 -6.380791827))",RS2_20190831_150553_0074_DVWF_HH_SCS_753433_9526_29818035
61,-145.955835,-10.608512,FID: 25,100.0,612e6855-3839-4ff4-8c79-7eb216fea92a,2019-08-31 15:05:53.843000+00:00,2019-08-31 15:07:07.938000+00:00,HH,7.49,25.64,VESSEL,58.8,"POLYGON ((-146.092592063 -6.380791827, -142.021327952 -7.347403142, -143.049829157 -11.721047215, -147.160730138 -10.715522747, -146.092592063 -6.380791827))",RS2_20190831_150553_0074_DVWF_HH_SCS_753433_9526_29818035
62,-146.292912,-10.577985,FID: 26,100.0,55ee59b6-6a77-49ec-a362-d9f1bd5c96a8,2019-08-31 15:05:53.843000+00:00,2019-08-31 15:07:07.938000+00:00,HH,10.88,55.8,VESSEL,2.59,"POLYGON ((-146.092592063 -6.380791827, -142.021327952 -7.347403142, -143.049829157 -11.721047215, -147.160730138 -10.715522747, -146.092592063 -6.380791827))",RS2_20190831_150553_0074_DVWF_HH_SCS_753433_9526_29818035
63,-146.177095,-10.84109,FID: 27,100.0,67344a4c-fef7-49d0-a281-0147e0461a2c,2019-08-31 15:05:53.843000+00:00,2019-08-31 15:07:07.938000+00:00,HH,10.88,45.58,VESSEL,37.29,"POLYGON ((-146.092592063 -6.380791827, -142.021327952 -7.347403142, -143.049829157 -11.721047215, -147.160730138 -10.715522747, -146.092592063 -6.380791827))",RS2_20190831_150553_0074_DVWF_HH_SCS_753433_9526_29818035
64,-145.958994,-10.593614,FID: 1,100.0,842fe531-5894-40e8-96e6-53f023ace35d,2019-08-17 04:13:33.127000+00:00,2019-08-17 04:14:47.216000+00:00,HH,10.45,50.28,VESSEL,298.37,"POLYGON ((-148.237055119 -7.312167467, -144.163370211 -6.345261431, -143.095979536 -10.679914922, -147.209134276 -11.685747653, -148.237055119 -7.312167467))",RS2_20190817_041333_0074_DVWF_HH_SCS_749777_9350_29818031
65,-145.91768000000002,-7.195156,FID: 2,100.0,064e37a2-1d9d-4317-b428-96ccdb7bae39,2019-08-17 04:13:33.127000+00:00,2019-08-17 04:14:47.216000+00:00,HH,10.39,46.58,VESSEL,343.87,"POLYGON ((-148.237055119 -7.312167467, -144.163370211 -6.345261431, -143.095979536 -10.679914922, -147.209134276 -11.685747653, -148.237055119 -7.312167467))",RS2_20190817_041333_0074_DVWF_HH_SCS_749777_9350_29818031
66,-145.850784,-9.399845,FID: 3,100.0,4f41ca6a-7185-44a4-81b6-50ca7e3bd69c,2019-08-17 04:13:33.127000+00:00,2019-08-17 04:14:47.216000+00:00,HH,13.54,49.42,VESSEL,29.29,"POLYGON ((-148.237055119 -7.312167467, -144.163370211 -6.345261431, -143.095979536 -10.679914922, -147.209134276 -11.685747653, -148.237055119 -7.312167467))",RS2_20190817_041333_0074_DVWF_HH_SCS_749777_9350_29818031
67,-144.713166,-9.576839999999999,FID: 4,100.0,7ea9ba89-2741-445b-ab59-26a32afd1769,2019-08-17 04:13:33.127000+00:00,2019-08-17 04:14:47.216000+00:00,HH,17.01,67.29,VESSEL,146.31,"POLYGON ((-148.237055119 -7.312167467, -144.163370211 -6.345261431, -143.095979536 -10.679914922, -147.209134276 -11.685747653, -148.237055119 -7.312167467))",RS2_20190817_041333_0074_DVWF_HH_SCS_749777_9350_29818031
68,-145.967735,-10.030239,FID: 5,100.0,67d1f2b2-5f6e-450c-9134-7de47b45556b,2019-08-17 04:13:33.127000+00:00,2019-08-17 04:14:47.216000+00:00,HH,12.03,88.05,VESSEL,140.84,"POLYGON ((-148.237055119 -7.312167467, -144.163370211 -6.345261431, -143.095979536 -10.679914922, -147.209134276 -11.685747653, -148.237055119 -7.312167467))",RS2_20190817_041333_0074_DVWF_HH_SCS_749777_9350_29818031
69,-144.985651,-9.907717,FID: 6,100.0,08b32469-362f-4b54-b735-39697344acbe,2019-08-17 04:13:33.127000+00:00,2019-08-17 04:14:47.216000+00:00,HH,16.49,50.77,VESSEL,318.31,"POLYGON ((-148.237055119 -7.312167467, -144.163370211 -6.345261431, -143.095979536 -10.679914922, -147.209134276 -11.685747653, -148.237055119 -7.312167467))",RS2_20190817_041333_0074_DVWF_HH_SCS_749777_9350_29818031
70,-145.500848,-10.099824,FID: 7,100.0,4644004b-6d3c-4008-8c30-b2f783a91beb,2019-08-17 04:13:33.127000+00:00,2019-08-17 04:14:47.216000+00:00,HH,12.16,40.8,VESSEL,18.36,"POLYGON ((-148.237055119 -7.312167467, -144.163370211 -6.345261431, -143.095979536 -10.679914922, -147.209134276 -11.685747653, -148.237055119 -7.312167467))",RS2_20190817_041333_0074_DVWF_HH_SCS_749777_9350_29818031
71,-145.779777,-10.218691999999999,FID: 0,75.0,61ff26fd-2950-4774-aafc-28ac4beb09f0,2019-08-17 04:13:33.127000+00:00,2019-08-17 04:14:47.216000+00:00,HH,10.84,73.36,VESSEL,12.33,"POLYGON ((-148.237055119 -7.312167467, -144.163370211 -6.345261431, -143.095979536 -10.679914922, -147.209134276 -11.685747653, -148.237055119 -7.312167467))",RS2_20190817_041333_0074_DVWF_HH_SCS_749777_9350_29818031
72,-144.662815,-10.028137,FID: 8,100.0,e15874a9-a352-4ac3-b9f9-792f32c507ef,2019-08-17 04:13:33.127000+00:00,2019-08-17 04:14:47.216000+00:00,HH,12.92,78.36,VESSEL,335.21,"POLYGON ((-148.237055119 -7.312167467, -144.163370211 -6.345261431, -143.095979536 -10.679914922, -147.209134276 -11.685747653, -148.237055119 -7.312167467))",RS2_20190817_041333_0074_DVWF_HH_SCS_749777_9350_29818031
73,-144.604544,-10.290783,FID: 9,100.0,81de8b1a-97b1-472c-8160-f61a810c282f,2019-08-17 04:13:33.127000+00:00,2019-08-17 04:14:47.216000+00:00,HH,16.67,57.56,VESSEL,312.67,"POLYGON ((-148.237055119 -7.312167467, -144.163370211 -6.345261431, -143.095979536 -10.679914922, -147.209134276 -11.685747653, -148.237055119 -7.312167467))",RS2_20190817_041333_0074_DVWF_HH_SCS_749777_9350_29818031
74,-146.275524,-10.732746,FID: 10,100.0,59d071d1-5aca-4688-8c7a-b9715c721673,2019-08-17 04:13:33.127000+00:00,2019-08-17 04:14:47.216000+00:00,HH,11.84,78.63,VESSEL,4.33,"POLYGON ((-148.237055119 -7.312167467, -144.163370211 -6.345261431, -143.095979536 -10.679914922, -147.209134276 -11.685747653, -148.237055119 -7.312167467))",RS2_20190817_041333_0074_DVWF_HH_SCS_749777_9350_29818031
75,-144.244603,-7.1638,FID: 1,100.0,a0988f21-43d6-4d27-bc72-2e1d9ffb2f6f,2019-09-07 15:01:45.712000+00:00,2019-09-07 15:02:59.813000+00:00,HH,22.79,62.42,VESSEL,358.79,"POLYGON ((-145.101800027 -6.622610459, -141.028613031 -7.59153304, -142.059699638 -11.965156348, -146.173830188 -10.957163487, -145.101800027 -6.622610459))",RS2_20190907_150145_0074_DVWF_HH_SCS_755211_9635_29818066
76,-144.587858,-8.931088,FID: 2,100.0,73ee0b0f-ec13-4085-bf23-648a3ca05a21,2019-09-07 15:01:45.712000+00:00,2019-09-07 15:02:59.813000+00:00,HH,23.51,81.38,VESSEL,12.64,"POLYGON ((-145.101800027 -6.622610459, -141.028613031 -7.59153304, -142.059699638 -11.965156348, -146.173830188 -10.957163487, -145.101800027 -6.622610459))",RS2_20190907_150145_0074_DVWF_HH_SCS_755211_9635_29818066
77,-144.74286999999998,-9.011617,FID: 3,100.0,18f22f30-091c-479f-a07f-dba1ec0165f5,2019-09-07 15:01:45.712000+00:00,2019-09-07 15:02:59.813000+00:00,HH,11.84,90.64,VESSEL,16.9,"POLYGON ((-145.101800027 -6.622610459, -141.028613031 -7.59153304, -142.059699638 -11.965156348, -146.173830188 -10.957163487, -145.101800027 -6.622610459))",RS2_20190907_150145_0074_DVWF_HH_SCS_755211_9635_29818066
78,-145.075727,-8.955138,FID: 4,100.0,64aa14c8-7eec-49c7-8fd8-8add873a5242,2019-09-07 15:01:45.712000+00:00,2019-09-07 15:02:59.813000+00:00,HH,7.84,76.5,VESSEL,7.77,"POLYGON ((-145.101800027 -6.622610459, -141.028613031 -7.59153304, -142.059699638 -11.965156348, -146.173830188 -10.957163487, -145.101800027 -6.622610459))",RS2_20190907_150145_0074_DVWF_HH_SCS_755211_9635_29818066
79,-144.6485,-9.083474,FID: 5,100.0,3b3a20f0-7366-4772-8c9c-5ca05921a6f2,2019-09-07 15:01:45.712000+00:00,2019-09-07 15:02:59.813000+00:00,HH,14.44,130.1,VESSEL,197.04,"POLYGON ((-145.101800027 -6.622610459, -141.028613031 -7.59153304, -142.059699638 -11.965156348, -146.173830188 -10.957163487, -145.101800027 -6.622610459))",RS2_20190907_150145_0074_DVWF_HH_SCS_755211_9635_29818066
80,-145.570594,-8.945917,FID: 6,100.0,9e76353f-321d-42cd-ae54-99034fb9359d,2019-09-07 15:01:45.712000+00:00,2019-09-07 15:02:59.813000+00:00,HH,23.63,101.62,VESSEL,250.41,"POLYGON ((-145.101800027 -6.622610459, -141.028613031 -7.59153304, -142.059699638 -11.965156348, -146.173830188 -10.957163487, -145.101800027 -6.622610459))",RS2_20190907_150145_0074_DVWF_HH_SCS_755211_9635_29818066
81,-144.217853,-9.444414,FID: 7,75.0,3e99d0f9-bce1-4ea2-9532-deb1c954b4e9,2019-09-07 15:01:45.712000+00:00,2019-09-07 15:02:59.813000+00:00,HH,7.02,64.88,VESSEL,355.96,"POLYGON ((-145.101800027 -6.622610459, -141.028613031 -7.59153304, -142.059699638 -11.965156348, -146.173830188 -10.957163487, -145.101800027 -6.622610459))",RS2_20190907_150145_0074_DVWF_HH_SCS_755211_9635_29818066
82,-145.824647,-9.926123,FID: 9,100.0,85531900-ca63-4197-b2ce-eb7f9f89b97f,2019-09-07 15:01:45.712000+00:00,2019-09-07 15:02:59.813000+00:00,HH,10.45,72.66,VESSEL,27.41,"POLYGON ((-145.101800027 -6.622610459, -141.028613031 -7.59153304, -142.059699638 -11.965156348, -146.173830188 -10.957163487, -145.101800027 -6.622610459))",RS2_20190907_150145_0074_DVWF_HH_SCS_755211_9635_29818066
83,-144.524684,-10.293277999999999,FID: 10,100.0,7d94aaa0-748f-4503-b6ea-7cac914aee56,2019-09-07 15:01:45.712000+00:00,2019-09-07 15:02:59.813000+00:00,HH,10.45,126.1,VESSEL,193.07,"POLYGON ((-145.101800027 -6.622610459, -141.028613031 -7.59153304, -142.059699638 -11.965156348, -146.173830188 -10.957163487, -145.101800027 -6.622610459))",RS2_20190907_150145_0074_DVWF_HH_SCS_755211_9635_29818066
84,-145.532874,-10.090119999999999,FID: 11,100.0,8ce8cff4-53bf-4378-92b5-276338522582,2019-09-07 15:01:45.712000+00:00,2019-09-07 15:02:59.813000+00:00,HH,13.42,83.48,VESSEL,349.85,"POLYGON ((-145.101800027 -6.622610459, -141.028613031 -7.59153304, -142.059699638 -11.965156348, -146.173830188 -10.957163487, -145.101800027 -6.622610459))",RS2_20190907_150145_0074_DVWF_HH_SCS_755211_9635_29818066
85,-142.35070100000002,-11.130383,FID: 12,100.0,14be162a-5c53-417e-bcba-a546128163b4,2019-09-07 15:01:45.712000+00:00,2019-09-07 15:02:59.813000+00:00,HH,11.3,78.39,VESSEL,246.41,"POLYGON ((-145.101800027 -6.622610459, -141.028613031 -7.59153304, -142.059699638 -11.965156348, -146.173830188 -10.957163487, -145.101800027 -6.622610459))",RS2_20190907_150145_0074_DVWF_HH_SCS_755211_9635_29818066
86,-145.652329,-10.34949,FID: 13,100.0,7983bb3d-b745-4ffb-b756-55ed0ee02f13,2019-09-07 15:01:45.712000+00:00,2019-09-07 15:02:59.813000+00:00,HH,9.93,75.58,VESSEL,176.82,"POLYGON ((-145.101800027 -6.622610459, -141.028613031 -7.59153304, -142.059699638 -11.965156348, -146.173830188 -10.957163487, -145.101800027 -6.622610459))",RS2_20190907_150145_0074_DVWF_HH_SCS_755211_9635_29818066
87,-145.617932,-10.436444999999999,FID: 14,100.0,86450dfc-033a-4b93-a62d-f8aaf4381808,2019-09-07 15:01:45.712000+00:00,2019-09-07 15:02:59.813000+00:00,HH,7.84,39.33,VESSEL,13.9,"POLYGON ((-145.101800027 -6.622610459, -141.028613031 -7.59153304, -142.059699638 -11.965156348, -146.173830188 -10.957163487, -145.101800027 -6.622610459))",RS2_20190907_150145_0074_DVWF_HH_SCS_755211_9635_29818066
88,-145.521039,-10.467349,FID: 15,100.0,9a836399-7a5f-4c1f-b1f5-59bc836dad2b,2019-09-07 15:01:45.712000+00:00,2019-09-07 15:02:59.813000+00:00,HH,16.71,55.29,VESSEL,199.31,"POLYGON ((-145.101800027 -6.622610459, -141.028613031 -7.59153304, -142.059699638 -11.965156348, -146.173830188 -10.957163487, -145.101800027 -6.622610459))",RS2_20190907_150145_0074_DVWF_HH_SCS_755211_9635_29818066
89,-144.91494,-6.95114,FID: 0,100.0,68ea1a1b-bd05-4cf7-8ea0-6c88fa7c4b8e,2019-09-07 15:01:45.712000+00:00,2019-09-07 15:02:59.813000+00:00,HH,22.2,185.58,VESSEL,199.47,"POLYGON ((-145.101800027 -6.622610459, -141.028613031 -7.59153304, -142.059699638 -11.965156348, -146.173830188 -10.957163487, -145.101800027 -6.622610459))",RS2_20190907_150145_0074_DVWF_HH_SCS_755211_9635_29818066
90,-145.782015,-9.542194,FID: 8,100.0,3f00ad93-1bb0-40a6-8f16-dd6061a89f64,2019-09-07 15:01:45.712000+00:00,2019-09-07 15:02:59.813000+00:00,HH,9.15,79.92,VESSEL,192.9,"POLYGON ((-145.101800027 -6.622610459, -141.028613031 -7.59153304, -142.059699638 -11.965156348, -146.173830188 -10.957163487, -145.101800027 -6.622610459))",RS2_20190907_150145_0074_DVWF_HH_SCS_755211_9635_29818066
91,-144.901051,-10.700425,FID: 16,100.0,baa90646-8db2-4214-bed0-1d92a45e32e2,2019-09-07 15:01:45.712000+00:00,2019-09-07 15:02:59.813000+00:00,HH,5.22,31.91,VESSEL,23.2,"POLYGON ((-145.101800027 -6.622610459, -141.028613031 -7.59153304, -142.059699638 -11.965156348, -146.173830188 -10.957163487, -145.101800027 -6.622610459))",RS2_20190907_150145_0074_DVWF_HH_SCS_755211_9635_29818066
92,-144.76458300000002,-10.78224,FID: 17,100.0,490d6ba7-7c2e-4a8b-9c91-908221e4dfcc,2019-09-07 15:01:45.712000+00:00,2019-09-07 15:02:59.813000+00:00,HH,5.83,61.13,VESSEL,175.07,"POLYGON ((-145.101800027 -6.622610459, -141.028613031 -7.59153304, -142.059699638 -11.965156348, -146.173830188 -10.957163487, -145.101800027 -6.622610459))",RS2_20190907_150145_0074_DVWF_HH_SCS_755211_9635_29818066
93,-145.719697,-10.575713,FID: 18,100.0,c328e3d2-def6-4f23-8932-85f88cb66032,2019-09-07 15:01:45.712000+00:00,2019-09-07 15:02:59.813000+00:00,HH,14.62,89.84,VESSEL,21.46,"POLYGON ((-145.101800027 -6.622610459, -141.028613031 -7.59153304, -142.059699638 -11.965156348, -146.173830188 -10.957163487, -145.101800027 -6.622610459))",RS2_20190907_150145_0074_DVWF_HH_SCS_755211_9635_29818066
94,-145.555018,-10.607610000000001,FID: 19,100.0,bc3e8396-b869-446e-868b-82b1d820f2b5,2019-09-07 15:01:45.712000+00:00,2019-09-07 15:02:59.813000+00:00,HH,6.53,43.73,VESSEL,341.38,"POLYGON ((-145.101800027 -6.622610459, -141.028613031 -7.59153304, -142.059699638 -11.965156348, -146.173830188 -10.957163487, -145.101800027 -6.622610459))",RS2_20190907_150145_0074_DVWF_HH_SCS_755211_9635_29818066
95,-145.86836599999998,-10.668906,FID: 20,100.0,adbdbeeb-d9c3-4a32-a232-37441d5e5857,2019-09-07 15:01:45.712000+00:00,2019-09-07 15:02:59.813000+00:00,HH,7.95,60.74,VESSEL,21.4,"POLYGON ((-145.101800027 -6.622610459, -141.028613031 -7.59153304, -142.059699638 -11.965156348, -146.173830188 -10.957163487, -145.101800027 -6.622610459))",RS2_20190907_150145_0074_DVWF_HH_SCS_755211_9635_29818066
96,-146.063147,-10.773083,FID: 21,100.0,402b1be7-f3cc-4a8e-ae30-63a62c16e6ae,2019-09-07 15:01:45.712000+00:00,2019-09-07 15:02:59.813000+00:00,HH,15.72,151.99,VESSEL,13.55,"POLYGON ((-145.101800027 -6.622610459, -141.028613031 -7.59153304, -142.059699638 -11.965156348, -146.173830188 -10.957163487, -145.101800027 -6.622610459))",RS2_20190907_150145_0074_DVWF_HH_SCS_755211_9635_29818066
97,-145.09110900000002,-7.394421,FID: 1,50.0,ee95aca8-ff55-47d5-8501-4dda658752d1,2019-09-24 15:05:52.685000+00:00,2019-09-24 15:07:06.786000+00:00,HH,12.54,96.27,VESSEL,25.01,"POLYGON ((-146.091788951 -6.380254892, -142.020561933 -7.347005561, -143.049367105 -11.720961838, -147.160230404 -10.715293604, -146.091788951 -6.380254892))",RS2_20190924_150552_0074_DVWF_HH_SCS_759668_9852_29818072
98,-145.152185,-8.199452,FID: 2,75.0,c68f6dfc-a473-4f44-9b94-7cb71386008c,2019-09-24 15:05:52.685000+00:00,2019-09-24 15:07:06.786000+00:00,HH,16.42,146.26,VESSEL,206.72,"POLYGON ((-146.091788951 -6.380254892, -142.020561933 -7.347005561, -143.049367105 -11.720961838, -147.160230404 -10.715293604, -146.091788951 -6.380254892))",RS2_20190924_150552_0074_DVWF_HH_SCS_759668_9852_29818072
99,-145.172726,-8.4117,FID: 3,50.0,15e7af1f-87cd-4eb5-8b1f-125286c624bc,2019-09-24 15:05:52.685000+00:00,2019-09-24 15:07:06.786000+00:00,HH,15.95,274.84,VESSEL,190.47,"POLYGON ((-146.091788951 -6.380254892, -142.020561933 -7.347005561, -143.049367105 -11.720961838, -147.160230404 -10.715293604, -146.091788951 -6.380254892))",RS2_20190924_150552_0074_DVWF_HH_SCS_759668_9852_29818072
100,-145.59463300000002,-8.592886,FID: 4,75.0,2c781305-d67c-438b-93d0-b25e6b383d12,2019-09-24 15:05:52.685000+00:00,2019-09-24 15:07:06.786000+00:00,HH,9.05,77.24,VESSEL,21.43,"POLYGON ((-146.091788951 -6.380254892, -142.020561933 -7.347005561, -143.049367105 -11.720961838, -147.160230404 -10.715293604, -146.091788951 -6.380254892))",RS2_20190924_150552_0074_DVWF_HH_SCS_759668_9852_29818072
101,-144.844518,-9.050203,FID: 5,75.0,6ef23775-9ff2-4a8d-af44-0a73af227fea,2019-09-24 15:05:52.685000+00:00,2019-09-24 15:07:06.786000+00:00,HH,11.93,73.83,VESSEL,28.74,"POLYGON ((-146.091788951 -6.380254892, -142.020561933 -7.347005561, -143.049367105 -11.720961838, -147.160230404 -10.715293604, -146.091788951 -6.380254892))",RS2_20190924_150552_0074_DVWF_HH_SCS_759668_9852_29818072
102,-144.35185800000002,-9.562122,FID: 6,50.0,53be622e-6cd4-4559-aa0d-37bde6dc8cc6,2019-09-24 15:05:52.685000+00:00,2019-09-24 15:07:06.786000+00:00,HH,15.95,201.7,VESSEL,13.38,"POLYGON ((-146.091788951 -6.380254892, -142.020561933 -7.347005561, -143.049367105 -11.720961838, -147.160230404 -10.715293604, -146.091788951 -6.380254892))",RS2_20190924_150552_0074_DVWF_HH_SCS_759668_9852_29818072
103,-145.313723,-9.518286,FID: 7,75.0,a6561aed-fe63-4963-8ca4-c93a7c21db90,2019-09-24 15:05:52.685000+00:00,2019-09-24 15:07:06.786000+00:00,HH,8.86,113.52,VESSEL,185.47,"POLYGON ((-146.091788951 -6.380254892, -142.020561933 -7.347005561, -143.049367105 -11.720961838, -147.160230404 -10.715293604, -146.091788951 -6.380254892))",RS2_20190924_150552_0074_DVWF_HH_SCS_759668_9852_29818072
104,-146.256073,-9.678416,FID: 9,75.0,82ac34e6-5c51-4e5c-b573-49346503822c,2019-09-24 15:05:52.685000+00:00,2019-09-24 15:07:06.786000+00:00,HH,12.41,74.78,VESSEL,192.39,"POLYGON ((-146.091788951 -6.380254892, -142.020561933 -7.347005561, -143.049367105 -11.720961838, -147.160230404 -10.715293604, -146.091788951 -6.380254892))",RS2_20190924_150552_0074_DVWF_HH_SCS_759668_9852_29818072
105,-145.96856,-9.929449,FID: 10,75.0,0008971e-6fb5-4e09-aa6a-a573bbada230,2019-09-24 15:05:52.685000+00:00,2019-09-24 15:07:06.786000+00:00,HH,18.22,79.91,VESSEL,335.32,"POLYGON ((-146.091788951 -6.380254892, -142.020561933 -7.347005561, -143.049367105 -11.720961838, -147.160230404 -10.715293604, -146.091788951 -6.380254892))",RS2_20190924_150552_0074_DVWF_HH_SCS_759668_9852_29818072
106,-146.330037,-9.932125,FID: 11,100.0,28b269ed-d738-4892-bc26-eb296f68061e,2019-09-24 15:05:52.685000+00:00,2019-09-24 15:07:06.786000+00:00,HH,37.41,348.03,VESSEL,280.33,"POLYGON ((-146.091788951 -6.380254892, -142.020561933 -7.347005561, -143.049367105 -11.720961838, -147.160230404 -10.715293604, -146.091788951 -6.380254892))",RS2_20190924_150552_0074_DVWF_HH_SCS_759668_9852_29818072
107,-145.771613,-10.138504,FID: 12,75.0,ff5a3a68-690a-402b-88b8-c587babe35eb,2019-09-24 15:05:52.685000+00:00,2019-09-24 15:07:06.786000+00:00,HH,11.42,81.03,VESSEL,222.46,"POLYGON ((-146.091788951 -6.380254892, -142.020561933 -7.347005561, -143.049367105 -11.720961838, -147.160230404 -10.715293604, -146.091788951 -6.380254892))",RS2_20190924_150552_0074_DVWF_HH_SCS_759668_9852_29818072
108,-145.95814199999998,-10.273672999999999,FID: 13,50.0,78a00a3b-60ce-48d6-971d-444565d0cdbc,2019-09-24 15:05:52.685000+00:00,2019-09-24 15:07:06.786000+00:00,HH,12.55,112.52,VESSEL,198.26,"POLYGON ((-146.091788951 -6.380254892, -142.020561933 -7.347005561, -143.049367105 -11.720961838, -147.160230404 -10.715293604, -146.091788951 -6.380254892))",RS2_20190924_150552_0074_DVWF_HH_SCS_759668_9852_29818072
109,-145.879885,-10.550412,FID: 14,75.0,7e26fd26-4a1d-4e45-9227-583c06e60c53,2019-09-24 15:05:52.685000+00:00,2019-09-24 15:07:06.786000+00:00,HH,10.79,119.41,VESSEL,192.9,"POLYGON ((-146.091788951 -6.380254892, -142.020561933 -7.347005561, -143.049367105 -11.720961838, -147.160230404 -10.715293604, -146.091788951 -6.380254892))",RS2_20190924_150552_0074_DVWF_HH_SCS_759668_9852_29818072
110,-146.663049,-10.581044,FID: 15,50.0,68da2fcf-da66-4d60-ae47-185a7e440ae2,2019-09-24 15:05:52.685000+00:00,2019-09-24 15:07:06.786000+00:00,HH,9.03,218.1,VESSEL,188.79,"POLYGON ((-146.091788951 -6.380254892, -142.020561933 -7.347005561, -143.049367105 -11.720961838, -147.160230404 -10.715293604, -146.091788951 -6.380254892))",RS2_20190924_150552_0074_DVWF_HH_SCS_759668_9852_29818072
111,-144.732104,-9.753366,FID: 0,50.0,1eee3c4e-9785-491f-a635-1e3d0b4c54dd,2019-09-24 15:05:52.685000+00:00,2019-09-24 15:07:06.786000+00:00,HH,10.38,81.49,VESSEL,59.34,"POLYGON ((-146.091788951 -6.380254892, -142.020561933 -7.347005561, -143.049367105 -11.720961838, -147.160230404 -10.715293604, -146.091788951 -6.380254892))",RS2_20190924_150552_0074_DVWF_HH_SCS_759668_9852_29818072
112,-145.824331,-9.434915,FID: 8,50.0,66baecda-da63-4ec7-9fb1-90a32e63139d,2019-09-24 15:05:52.685000+00:00,2019-09-24 15:07:06.786000+00:00,HH,9.05,118.24,VESSEL,205.75,"POLYGON ((-146.091788951 -6.380254892, -142.020561933 -7.347005561, -143.049367105 -11.720961838, -147.160230404 -10.715293604, -146.091788951 -6.380254892))",RS2_20190924_150552_0074_DVWF_HH_SCS_759668_9852_29818072
113,-146.613205,-10.802432000000001,FID: 16,75.0,8d3ce482-bb48-4df0-b7fd-273b79784e7d,2019-09-24 15:05:52.685000+00:00,2019-09-24 15:07:06.786000+00:00,HH,7.09,89.0,VESSEL,15.06,"POLYGON ((-146.091788951 -6.380254892, -142.020561933 -7.347005561, -143.049367105 -11.720961838, -147.160230404 -10.715293604, -146.091788951 -6.380254892))",RS2_20190924_150552_0074_DVWF_HH_SCS_759668_9852_29818072
114,-146.52788,-7.756983999999999,FID: 1,50.0,7ee92cc8-00ba-4831-8c78-553b989b165e,2019-09-10 04:13:34.734000+00:00,2019-09-10 04:14:49.626000+00:00,HH,7.67,34.37,VESSEL,8.47,"POLYGON ((-148.284608292 -7.106367936, -144.212767093 -6.141234869, -143.136298114 -10.523239692, -147.247053455 -11.527605157, -148.284608292 -7.106367936))",RS2_20190910_041334_0075_DVWF_HH_SCS_755804_9677_29818068
115,-144.75882,-7.238917999999999,FID: 2,100.0,4733fc6b-6dc2-4585-b553-5ff4b83ccfd0,2019-09-10 04:13:34.734000+00:00,2019-09-10 04:14:49.626000+00:00,HH,8.69,47.73,VESSEL,169.17,"POLYGON ((-148.284608292 -7.106367936, -144.212767093 -6.141234869, -143.136298114 -10.523239692, -147.247053455 -11.527605157, -148.284608292 -7.106367936))",RS2_20190910_041334_0075_DVWF_HH_SCS_755804_9677_29818068
116,-146.7066,-8.158761,FID: 3,50.0,7785348b-1bbd-4ac1-b75b-bc2ceb3c6682,2019-09-10 04:13:34.734000+00:00,2019-09-10 04:14:49.626000+00:00,HH,5.28,27.93,VESSEL,158.17,"POLYGON ((-148.284608292 -7.106367936, -144.212767093 -6.141234869, -143.136298114 -10.523239692, -147.247053455 -11.527605157, -148.284608292 -7.106367936))",RS2_20190910_041334_0075_DVWF_HH_SCS_755804_9677_29818068
117,-144.65422,-7.80209,FID: 4,100.0,aba3f8c2-4934-42be-926e-8cdc54f356de,2019-09-10 04:13:34.734000+00:00,2019-09-10 04:14:49.626000+00:00,HH,9.5,49.88,VESSEL,162.92,"POLYGON ((-148.284608292 -7.106367936, -144.212767093 -6.141234869, -143.136298114 -10.523239692, -147.247053455 -11.527605157, -148.284608292 -7.106367936))",RS2_20190910_041334_0075_DVWF_HH_SCS_755804_9677_29818068
118,-144.60693500000002,-7.826461,FID: 5,100.0,739c214b-8b36-41d6-b174-5b78622b9fec,2019-09-10 04:13:34.734000+00:00,2019-09-10 04:14:49.626000+00:00,HH,11.66,55.23,VESSEL,342.17,"POLYGON ((-148.284608292 -7.106367936, -144.212767093 -6.141234869, -143.136298114 -10.523239692, -147.247053455 -11.527605157, -148.284608292 -7.106367936))",RS2_20190910_041334_0075_DVWF_HH_SCS_755804_9677_29818068
119,-144.397666,-8.132814,FID: 6,100.0,304e3cbe-6418-4c04-b691-4d912667bc01,2019-09-10 04:13:34.734000+00:00,2019-09-10 04:14:49.626000+00:00,HH,6.74,36.23,VESSEL,183.98,"POLYGON ((-148.284608292 -7.106367936, -144.212767093 -6.141234869, -143.136298114 -10.523239692, -147.247053455 -11.527605157, -148.284608292 -7.106367936))",RS2_20190910_041334_0075_DVWF_HH_SCS_755804_9677_29818068
120,-145.02416599999998,-8.777483,FID: 7,100.0,20921d78-9a5e-4368-a3d8-8fecbd40f627,2019-09-10 04:13:34.734000+00:00,2019-09-10 04:14:49.626000+00:00,HH,12.05,54.41,VESSEL,341.92,"POLYGON ((-148.284608292 -7.106367936, -144.212767093 -6.141234869, -143.136298114 -10.523239692, -147.247053455 -11.527605157, -148.284608292 -7.106367936))",RS2_20190910_041334_0075_DVWF_HH_SCS_755804_9677_29818068
121,-146.488364,-9.504105000000001,FID: 9,100.0,868e3ae3-8b38-4456-808a-3f6ba7671edd,2019-09-10 04:13:34.734000+00:00,2019-09-10 04:14:49.626000+00:00,HH,9.99,50.25,VESSEL,161.06,"POLYGON ((-148.284608292 -7.106367936, -144.212767093 -6.141234869, -143.136298114 -10.523239692, -147.247053455 -11.527605157, -148.284608292 -7.106367936))",RS2_20190910_041334_0075_DVWF_HH_SCS_755804_9677_29818068
122,-144.57928,-9.048735,FID: 10,75.0,50df0248-5ba1-4129-8d8d-f1423637222e,2019-09-10 04:13:34.734000+00:00,2019-09-10 04:14:49.626000+00:00,HH,5.36,30.54,VESSEL,327.45,"POLYGON ((-148.284608292 -7.106367936, -144.212767093 -6.141234869, -143.136298114 -10.523239692, -147.247053455 -11.527605157, -148.284608292 -7.106367936))",RS2_20190910_041334_0075_DVWF_HH_SCS_755804_9677_29818068
123,-146.162487,-9.441374,FID: 11,100.0,7dae4fee-82a2-4f27-a773-3574488530d2,2019-09-10 04:13:34.734000+00:00,2019-09-10 04:14:49.626000+00:00,HH,12.37,39.92,VESSEL,315.81,"POLYGON ((-148.284608292 -7.106367936, -144.212767093 -6.141234869, -143.136298114 -10.523239692, -147.247053455 -11.527605157, -148.284608292 -7.106367936))",RS2_20190910_041334_0075_DVWF_HH_SCS_755804_9677_29818068
124,-145.27434,-9.675136,FID: 12,50.0,9c837874-bfce-4c25-bc31-1a1395217979,2019-09-10 04:13:34.734000+00:00,2019-09-10 04:14:49.626000+00:00,HH,5.21,29.58,VESSEL,136.82,"POLYGON ((-148.284608292 -7.106367936, -144.212767093 -6.141234869, -143.136298114 -10.523239692, -147.247053455 -11.527605157, -148.284608292 -7.106367936))",RS2_20190910_041334_0075_DVWF_HH_SCS_755804_9677_29818068
125,-145.571337,-10.208198,FID: 13,100.0,f76ef1ce-c119-4833-b246-8de88b31eb07,2019-09-10 04:13:34.734000+00:00,2019-09-10 04:14:49.626000+00:00,HH,11.83,67.54,VESSEL,327.42,"POLYGON ((-148.284608292 -7.106367936, -144.212767093 -6.141234869, -143.136298114 -10.523239692, -147.247053455 -11.527605157, -148.284608292 -7.106367936))",RS2_20190910_041334_0075_DVWF_HH_SCS_755804_9677_29818068
126,-143.99358700000002,-9.836022999999999,FID: 14,100.0,5c0dc150-4a69-415e-bc50-f66b5d449ab1,2019-09-10 04:13:34.734000+00:00,2019-09-10 04:14:49.626000+00:00,HH,9.76,69.35,VESSEL,345.1,"POLYGON ((-148.284608292 -7.106367936, -144.212767093 -6.141234869, -143.136298114 -10.523239692, -147.247053455 -11.527605157, -148.284608292 -7.106367936))",RS2_20190910_041334_0075_DVWF_HH_SCS_755804_9677_29818068
127,-145.963291,-10.439989,FID: 15,100.0,19890a05-5fdd-4f5b-880b-22aadd876454,2019-09-10 04:13:34.734000+00:00,2019-09-10 04:14:49.626000+00:00,HH,11.87,55.16,VESSEL,215.25,"POLYGON ((-148.284608292 -7.106367936, -144.212767093 -6.141234869, -143.136298114 -10.523239692, -147.247053455 -11.527605157, -148.284608292 -7.106367936))",RS2_20190910_041334_0075_DVWF_HH_SCS_755804_9677_29818068
128,-145.770374,-10.473924,FID: 0,50.0,293e4f2e-8201-44ef-b579-9a3102ec598f,2019-09-10 04:13:34.734000+00:00,2019-09-10 04:14:49.626000+00:00,HH,7.67,25.29,VESSEL,1.03,"POLYGON ((-148.284608292 -7.106367936, -144.212767093 -6.141234869, -143.136298114 -10.523239692, -147.247053455 -11.527605157, -148.284608292 -7.106367936))",RS2_20190910_041334_0075_DVWF_HH_SCS_755804_9677_29818068
129,-146.524053,-9.474611,FID: 8,100.0,13d35670-9f7e-4ba8-8151-44f96f81e58d,2019-09-10 04:13:34.734000+00:00,2019-09-10 04:14:49.626000+00:00,HH,12.94,60.1,VESSEL,32.01,"POLYGON ((-148.284608292 -7.106367936, -144.212767093 -6.141234869, -143.136298114 -10.523239692, -147.247053455 -11.527605157, -148.284608292 -7.106367936))",RS2_20190910_041334_0075_DVWF_HH_SCS_755804_9677_29818068
130,-144.09036899999998,-10.009641,FID: 16,100.0,d19196f8-0973-44b0-bb06-94f2833840b4,2019-09-10 04:13:34.734000+00:00,2019-09-10 04:14:49.626000+00:00,HH,17.66,66.6,VESSEL,169.13,"POLYGON ((-148.284608292 -7.106367936, -144.212767093 -6.141234869, -143.136298114 -10.523239692, -147.247053455 -11.527605157, -148.284608292 -7.106367936))",RS2_20190910_041334_0075_DVWF_HH_SCS_755804_9677_29818068
131,-145.361238,-10.360138000000001,FID: 17,50.0,46012271-e66c-4a60-bcc1-e32c22bb5b6a,2019-09-10 04:13:34.734000+00:00,2019-09-10 04:14:49.626000+00:00,HH,10.16,39.83,VESSEL,305.77,"POLYGON ((-148.284608292 -7.106367936, -144.212767093 -6.141234869, -143.136298114 -10.523239692, -147.247053455 -11.527605157, -148.284608292 -7.106367936))",RS2_20190910_041334_0075_DVWF_HH_SCS_755804_9677_29818068
132,-145.270364,-10.481712,FID: 18,100.0,e8413d71-339c-4992-8de4-2b63251480d5,2019-09-10 04:13:34.734000+00:00,2019-09-10 04:14:49.626000+00:00,HH,11.98,63.56,VESSEL,5.68,"POLYGON ((-148.284608292 -7.106367936, -144.212767093 -6.141234869, -143.136298114 -10.523239692, -147.247053455 -11.527605157, -148.284608292 -7.106367936))",RS2_20190910_041334_0075_DVWF_HH_SCS_755804_9677_29818068
133,-145.57347099999998,-10.660572,FID: 19,100.0,46368738-fce9-40fd-af31-824fa246d823,2019-09-10 04:13:34.734000+00:00,2019-09-10 04:14:49.626000+00:00,HH,7.49,30.69,VESSEL,174.33,"POLYGON ((-148.284608292 -7.106367936, -144.212767093 -6.141234869, -143.136298114 -10.523239692, -147.247053455 -11.527605157, -148.284608292 -7.106367936))",RS2_20190910_041334_0075_DVWF_HH_SCS_755804_9677_29818068
134,-145.156984,-10.558245,FID: 20,100.0,8556b236-ec9e-4842-b7aa-161b5d1d2d23,2019-09-10 04:13:34.734000+00:00,2019-09-10 04:14:49.626000+00:00,HH,6.37,35.51,VESSEL,184.27,"POLYGON ((-148.284608292 -7.106367936, -144.212767093 -6.141234869, -143.136298114 -10.523239692, -147.247053455 -11.527605157, -148.284608292 -7.106367936))",RS2_20190910_041334_0075_DVWF_HH_SCS_755804_9677_29818068
135,-145.119435,-10.651962,FID: 21,100.0,a0b11172-e696-4a9f-8afc-fe8c5a9573b6,2019-09-10 04:13:34.734000+00:00,2019-09-10 04:14:49.626000+00:00,HH,10.31,45.88,VESSEL,25.87,"POLYGON ((-148.284608292 -7.106367936, -144.212767093 -6.141234869, -143.136298114 -10.523239692, -147.247053455 -11.527605157, -148.284608292 -7.106367936))",RS2_20190910_041334_0075_DVWF_HH_SCS_755804_9677_29818068
136,-145.644711,-10.830751,FID: 22,100.0,99cf3c8e-cbe1-4250-8eb0-50e156c92097,2019-09-10 04:13:34.734000+00:00,2019-09-10 04:14:49.626000+00:00,HH,15.76,67.33,VESSEL,17.81,"POLYGON ((-148.284608292 -7.106367936, -144.212767093 -6.141234869, -143.136298114 -10.523239692, -147.247053455 -11.527605157, -148.284608292 -7.106367936))",RS2_20190910_041334_0075_DVWF_HH_SCS_755804_9677_29818068
137,-145.923628,-8.882601,FID: 1,75.0,706c4bd3-9177-4472-92b6-314bd9d7cd89,2019-09-03 04:17:44.270000+00:00,2019-09-03 04:18:59.167000+00:00,HH,15.62,74.32,VESSEL,309.16,"POLYGON ((-149.29606042 -7.271741121, -145.22336345 -6.30523758, -144.144411681 -10.687158342, -148.256912244 -11.692997274, -149.29606042 -7.271741121))",RS2_20190903_041744_0075_DVWF_HH_SCS_754024_9569_29818064
138,-146.22401000000002,-9.060252,FID: 2,100.0,0d607695-571d-42fc-8141-745bc4b91fdc,2019-09-03 04:17:44.270000+00:00,2019-09-03 04:18:59.167000+00:00,HH,12.27,63.74,VESSEL,11.02,"POLYGON ((-149.29606042 -7.271741121, -145.22336345 -6.30523758, -144.144411681 -10.687158342, -148.256912244 -11.692997274, -149.29606042 -7.271741121))",RS2_20190903_041744_0075_DVWF_HH_SCS_754024_9569_29818064
139,-146.272438,-9.151498,FID: 3,50.0,c994ca30-59d6-47b4-acf8-fdd28a5898ca,2019-09-03 04:17:44.270000+00:00,2019-09-03 04:18:59.167000+00:00,HH,11.88,65.6,VESSEL,5.9,"POLYGON ((-149.29606042 -7.271741121, -145.22336345 -6.30523758, -144.144411681 -10.687158342, -148.256912244 -11.692997274, -149.29606042 -7.271741121))",RS2_20190903_041744_0075_DVWF_HH_SCS_754024_9569_29818064
140,-145.888443,-9.51445,FID: 4,100.0,d165174e-23fd-4b8f-be77-d8357fb51f8a,2019-09-03 04:17:44.270000+00:00,2019-09-03 04:18:59.167000+00:00,HH,14.99,85.73,VESSEL,29.26,"POLYGON ((-149.29606042 -7.271741121, -145.22336345 -6.30523758, -144.144411681 -10.687158342, -148.256912244 -11.692997274, -149.29606042 -7.271741121))",RS2_20190903_041744_0075_DVWF_HH_SCS_754024_9569_29818064
141,-145.120038,-9.399933,FID: 5,100.0,a07d45b2-f56b-4bde-b377-ff578a4ff05c,2019-09-03 04:17:44.270000+00:00,2019-09-03 04:18:59.167000+00:00,HH,15.63,87.79,VESSEL,351.38,"POLYGON ((-149.29606042 -7.271741121, -145.22336345 -6.30523758, -144.144411681 -10.687158342, -148.256912244 -11.692997274, -149.29606042 -7.271741121))",RS2_20190903_041744_0075_DVWF_HH_SCS_754024_9569_29818064
142,-145.509057,-9.890946000000001,FID: 6,100.0,e1c69a6b-4eff-40c1-a14c-c6403c47a1a4,2019-09-03 04:17:44.270000+00:00,2019-09-03 04:18:59.167000+00:00,HH,12.21,57.32,VESSEL,340.1,"POLYGON ((-149.29606042 -7.271741121, -145.22336345 -6.30523758, -144.144411681 -10.687158342, -148.256912244 -11.692997274, -149.29606042 -7.271741121))",RS2_20190903_041744_0075_DVWF_HH_SCS_754024_9569_29818064
143,-145.816028,-10.014395,FID: 7,75.0,4a33924b-51e2-4262-8949-bf17bed59711,2019-09-03 04:17:44.270000+00:00,2019-09-03 04:18:59.167000+00:00,HH,13.32,40.2,VESSEL,338.6,"POLYGON ((-149.29606042 -7.271741121, -145.22336345 -6.30523758, -144.144411681 -10.687158342, -148.256912244 -11.692997274, -149.29606042 -7.271741121))",RS2_20190903_041744_0075_DVWF_HH_SCS_754024_9569_29818064
144,-144.540147,-9.897565,FID: 9,75.0,c01a6745-136c-4573-9ced-dd5f1527afa5,2019-09-03 04:17:44.270000+00:00,2019-09-03 04:18:59.167000+00:00,HH,11.3,78.62,VESSEL,1.62,"POLYGON ((-149.29606042 -7.271741121, -145.22336345 -6.30523758, -144.144411681 -10.687158342, -148.256912244 -11.692997274, -149.29606042 -7.271741121))",RS2_20190903_041744_0075_DVWF_HH_SCS_754024_9569_29818064
145,-145.13228600000002,-10.068247999999999,FID: 10,100.0,9039dedc-6fda-491d-86e4-b9cf52eaa2c7,2019-09-03 04:17:44.270000+00:00,2019-09-03 04:18:59.167000+00:00,HH,17.4,218.6,VESSEL,166.24,"POLYGON ((-149.29606042 -7.271741121, -145.22336345 -6.30523758, -144.144411681 -10.687158342, -148.256912244 -11.692997274, -149.29606042 -7.271741121))",RS2_20190903_041744_0075_DVWF_HH_SCS_754024_9569_29818064
146,-145.941789,-10.335264,FID: 11,100.0,b837d35d-df8d-47b4-b7f0-8d4a73032bd4,2019-09-03 04:17:44.270000+00:00,2019-09-03 04:18:59.167000+00:00,HH,10.78,51.05,VESSEL,331.98,"POLYGON ((-149.29606042 -7.271741121, -145.22336345 -6.30523758, -144.144411681 -10.687158342, -148.256912244 -11.692997274, -149.29606042 -7.271741121))",RS2_20190903_041744_0075_DVWF_HH_SCS_754024_9569_29818064
147,-145.993084,-10.391055,FID: 12,100.0,9ca13a7c-d283-4bbd-acf8-dfd6ef611c6e,2019-09-03 04:17:44.270000+00:00,2019-09-03 04:18:59.167000+00:00,HH,11.12,69.51,VESSEL,192.36,"POLYGON ((-149.29606042 -7.271741121, -145.22336345 -6.30523758, -144.144411681 -10.687158342, -148.256912244 -11.692997274, -149.29606042 -7.271741121))",RS2_20190903_041744_0075_DVWF_HH_SCS_754024_9569_29818064
148,-146.049828,-10.556823,FID: 13,100.0,55e830f0-29b2-4ab2-aa57-bd6a7455f300,2019-09-03 04:17:44.270000+00:00,2019-09-03 04:18:59.167000+00:00,HH,10.07,40.79,VESSEL,203.94,"POLYGON ((-149.29606042 -7.271741121, -145.22336345 -6.30523758, -144.144411681 -10.687158342, -148.256912244 -11.692997274, -149.29606042 -7.271741121))",RS2_20190903_041744_0075_DVWF_HH_SCS_754024_9569_29818064
149,-145.021595,-10.311683,FID: 14,100.0,36f5dcd9-894e-4cdf-ae96-e3668301e6ba,2019-09-03 04:17:44.270000+00:00,2019-09-03 04:18:59.167000+00:00,HH,9.35,105.78,VESSEL,190.86,"POLYGON ((-149.29606042 -7.271741121, -145.22336345 -6.30523758, -144.144411681 -10.687158342, -148.256912244 -11.692997274, -149.29606042 -7.271741121))",RS2_20190903_041744_0075_DVWF_HH_SCS_754024_9569_29818064
150,-144.831508,-10.269254,FID: 15,75.0,ff7dfc2c-b162-47c5-931b-52ba5524a5b4,2019-09-03 04:17:44.270000+00:00,2019-09-03 04:18:59.167000+00:00,HH,7.63,85.97,VESSEL,337.67,"POLYGON ((-149.29606042 -7.271741121, -145.22336345 -6.30523758, -144.144411681 -10.687158342, -148.256912244 -11.692997274, -149.29606042 -7.271741121))",RS2_20190903_041744_0075_DVWF_HH_SCS_754024_9569_29818064
151,-146.092977,-7.40825,FID: 0,100.0,0593ef56-7815-4ccf-8261-0e43b03873c4,2019-09-03 04:17:44.270000+00:00,2019-09-03 04:18:59.167000+00:00,HH,28.35,140.36,VESSEL,260.55,"POLYGON ((-149.29606042 -7.271741121, -145.22336345 -6.30523758, -144.144411681 -10.687158342, -148.256912244 -11.692997274, -149.29606042 -7.271741121))",RS2_20190903_041744_0075_DVWF_HH_SCS_754024_9569_29818064
152,-144.889701,-9.978477,FID: 8,100.0,6a63b016-3599-42db-a7ca-9d5ab6d88266,2019-09-03 04:17:44.270000+00:00,2019-09-03 04:18:59.167000+00:00,HH,15.25,55.36,VESSEL,5.04,"POLYGON ((-149.29606042 -7.271741121, -145.22336345 -6.30523758, -144.144411681 -10.687158342, -148.256912244 -11.692997274, -149.29606042 -7.271741121))",RS2_20190903_041744_0075_DVWF_HH_SCS_754024_9569_29818064
153,-146.05515,-10.606955000000001,FID: 16,100.0,c652fc34-7a5b-4a73-99a8-5faa8537d1e0,2019-09-03 04:17:44.270000+00:00,2019-09-03 04:18:59.167000+00:00,HH,14.55,175.4,VESSEL,117.84,"POLYGON ((-149.29606042 -7.271741121, -145.22336345 -6.30523758, -144.144411681 -10.687158342, -148.256912244 -11.692997274, -149.29606042 -7.271741121))",RS2_20190903_041744_0075_DVWF_HH_SCS_754024_9569_29818064
154,-146.073445,-10.647964,FID: 17,100.0,9447b672-5e5a-4a7a-9da1-98bf506f46e9,2019-09-03 04:17:44.270000+00:00,2019-09-03 04:18:59.167000+00:00,HH,12.79,79.91,VESSEL,341.64,"POLYGON ((-149.29606042 -7.271741121, -145.22336345 -6.30523758, -144.144411681 -10.687158342, -148.256912244 -11.692997274, -149.29606042 -7.271741121))",RS2_20190903_041744_0075_DVWF_HH_SCS_754024_9569_29818064
155,-144.331389,-10.214245,FID: 18,100.0,86656ee5-2b2d-4641-b188-9f4692e826d2,2019-09-03 04:17:44.270000+00:00,2019-09-03 04:18:59.167000+00:00,HH,9.14,90.47,VESSEL,355.75,"POLYGON ((-149.29606042 -7.271741121, -145.22336345 -6.30523758, -144.144411681 -10.687158342, -148.256912244 -11.692997274, -149.29606042 -7.271741121))",RS2_20190903_041744_0075_DVWF_HH_SCS_754024_9569_29818064
156,-146.719918,-10.940446000000001,FID: 19,100.0,e1349415-ede1-48b2-ad59-61f07dbf4f81,2019-09-03 04:17:44.270000+00:00,2019-09-03 04:18:59.167000+00:00,HH,10.27,53.85,VESSEL,209.95,"POLYGON ((-149.29606042 -7.271741121, -145.22336345 -6.30523758, -144.144411681 -10.687158342, -148.256912244 -11.692997274, -149.29606042 -7.271741121))",RS2_20190903_041744_0075_DVWF_HH_SCS_754024_9569_29818064
157,-145.200287,-10.574848,FID: 20,100.0,70897cba-4ef9-4258-a244-7d9602b79b3c,2019-09-03 04:17:44.270000+00:00,2019-09-03 04:18:59.167000+00:00,HH,10.2,95.85,VESSEL,18.11,"POLYGON ((-149.29606042 -7.271741121, -145.22336345 -6.30523758, -144.144411681 -10.687158342, -148.256912244 -11.692997274, -149.29606042 -7.271741121))",RS2_20190903_041744_0075_DVWF_HH_SCS_754024_9569_29818064
158,-144.89503200000001,-10.580372,FID: 21,100.0,601cf0b5-d884-4978-a5f2-5173e045a149,2019-09-03 04:17:44.270000+00:00,2019-09-03 04:18:59.167000+00:00,HH,11.79,92.0,VESSEL,330.85,"POLYGON ((-149.29606042 -7.271741121, -145.22336345 -6.30523758, -144.144411681 -10.687158342, -148.256912244 -11.692997274, -149.29606042 -7.271741121))",RS2_20190903_041744_0075_DVWF_HH_SCS_754024_9569_29818064
159,-144.911719,-10.627921,FID: 22,75.0,ab51d1d5-cb87-4794-a2f8-28d1c291b6bf,2019-09-03 04:17:44.270000+00:00,2019-09-03 04:18:59.167000+00:00,HH,13.39,113.51,VESSEL,4.46,"POLYGON ((-149.29606042 -7.271741121, -145.22336345 -6.30523758, -144.144411681 -10.687158342, -148.256912244 -11.692997274, -149.29606042 -7.271741121))",RS2_20190903_041744_0075_DVWF_HH_SCS_754024_9569_29818064
160,-145.474277,-9.385557,FID: 1,100.0,0c25810a-26ef-4a35-bdb7-310c612abd57,2019-08-14 15:01:46.602000+00:00,2019-08-14 15:03:00.697000+00:00,HH,23.79,74.67,VESSEL,15.39,"POLYGON ((-145.098491855 -6.609286354, -141.024999919 -7.577998002, -142.055632142 -11.951342542, -146.169997888 -10.943570879, -145.098491855 -6.609286354))",RS2_20190814_150146_0074_DVWF_HH_SCS_749162_9324_29818029
161,-144.798744,-9.694591,FID: 2,100.0,d4782e02-6398-4bbf-858b-41825f8e13ae,2019-08-14 15:01:46.602000+00:00,2019-08-14 15:03:00.697000+00:00,HH,18.21,72.73,VESSEL,17.02,"POLYGON ((-145.098491855 -6.609286354, -141.024999919 -7.577998002, -142.055632142 -11.951342542, -146.169997888 -10.943570879, -145.098491855 -6.609286354))",RS2_20190814_150146_0074_DVWF_HH_SCS_749162_9324_29818029
162,-145.054525,-9.930216999999999,FID: 3,100.0,c8639997-c216-44dd-94b7-2e7d134ec25e,2019-08-14 15:01:46.602000+00:00,2019-08-14 15:03:00.697000+00:00,HH,14.31,79.12,VESSEL,217.51,"POLYGON ((-145.098491855 -6.609286354, -141.024999919 -7.577998002, -142.055632142 -11.951342542, -146.169997888 -10.943570879, -145.098491855 -6.609286354))",RS2_20190814_150146_0074_DVWF_HH_SCS_749162_9324_29818029
163,-144.430074,-10.096814,FID: 4,100.0,12913f5f-87da-48e9-a686-70374454d8d0,2019-08-14 15:01:46.602000+00:00,2019-08-14 15:03:00.697000+00:00,HH,13.48,62.36,VESSEL,7.76,"POLYGON ((-145.098491855 -6.609286354, -141.024999919 -7.577998002, -142.055632142 -11.951342542, -146.169997888 -10.943570879, -145.098491855 -6.609286354))",RS2_20190814_150146_0074_DVWF_HH_SCS_749162_9324_29818029
164,-144.984064,-10.01036,FID: 5,100.0,6c66f1fe-7375-43b7-b8d9-089768d37ac8,2019-08-14 15:01:46.602000+00:00,2019-08-14 15:03:00.697000+00:00,HH,13.48,67.39,VESSEL,32.12,"POLYGON ((-145.098491855 -6.609286354, -141.024999919 -7.577998002, -142.055632142 -11.951342542, -146.169997888 -10.943570879, -145.098491855 -6.609286354))",RS2_20190814_150146_0074_DVWF_HH_SCS_749162_9324_29818029
165,-144.204977,-10.220284,FID: 6,100.0,cb0a0110-be69-4309-b197-4608069f2c94,2019-08-14 15:01:46.602000+00:00,2019-08-14 15:03:00.697000+00:00,HH,6.74,62.14,VESSEL,17.52,"POLYGON ((-145.098491855 -6.609286354, -141.024999919 -7.577998002, -142.055632142 -11.951342542, -146.169997888 -10.943570879, -145.098491855 -6.609286354))",RS2_20190814_150146_0074_DVWF_HH_SCS_749162_9324_29818029
166,-143.905548,-10.297806,FID: 7,100.0,2b279a25-5f65-4eb8-9eb8-c15cead05210,2019-08-14 15:01:46.602000+00:00,2019-08-14 15:03:00.697000+00:00,HH,15.51,63.01,VESSEL,217.43,"POLYGON ((-145.098491855 -6.609286354, -141.024999919 -7.577998002, -142.055632142 -11.951342542, -146.169997888 -10.943570879, -145.098491855 -6.609286354))",RS2_20190814_150146_0074_DVWF_HH_SCS_749162_9324_29818029
167,-144.658549,-9.241213,FID: 0,100.0,d875879f-64f2-4281-af14-81bafc74ab90,2019-08-14 15:01:46.602000+00:00,2019-08-14 15:03:00.697000+00:00,HH,12.76,65.87,VESSEL,180.54,"POLYGON ((-145.098491855 -6.609286354, -141.024999919 -7.577998002, -142.055632142 -11.951342542, -146.169997888 -10.943570879, -145.098491855 -6.609286354))",RS2_20190814_150146_0074_DVWF_HH_SCS_749162_9324_29818029
168,-145.033681,-10.228189,FID: 8,100.0,2dbfb1ae-8b9d-4a78-9236-5209fbde47eb,2019-08-14 15:01:46.602000+00:00,2019-08-14 15:03:00.697000+00:00,HH,14.88,69.24,VESSEL,4.93,"POLYGON ((-145.098491855 -6.609286354, -141.024999919 -7.577998002, -142.055632142 -11.951342542, -146.169997888 -10.943570879, -145.098491855 -6.609286354))",RS2_20190814_150146_0074_DVWF_HH_SCS_749162_9324_29818029
169,-143.872047,-10.775247,FID: 9,100.0,6adc8bb6-52bc-43f6-91c2-31067813d3f0,2019-08-14 15:01:46.602000+00:00,2019-08-14 15:03:00.697000+00:00,HH,12.45,76.71,VESSEL,26.38,"POLYGON ((-145.098491855 -6.609286354, -141.024999919 -7.577998002, -142.055632142 -11.951342542, -146.169997888 -10.943570879, -145.098491855 -6.609286354))",RS2_20190814_150146_0074_DVWF_HH_SCS_749162_9324_29818029
170,-145.65872,-10.460816000000001,FID: 10,100.0,ab64bb46-50bd-4dda-a139-93ac9f3e01bd,2019-08-14 15:01:46.602000+00:00,2019-08-14 15:03:00.697000+00:00,HH,15.51,82.74,VESSEL,205.77,"POLYGON ((-145.098491855 -6.609286354, -141.024999919 -7.577998002, -142.055632142 -11.951342542, -146.169997888 -10.943570879, -145.098491855 -6.609286354))",RS2_20190814_150146_0074_DVWF_HH_SCS_749162_9324_29818029
171,-145.645183,-10.603441,FID: 11,100.0,62b3b983-95d3-4897-806f-17cd95365883,2019-08-14 15:01:46.602000+00:00,2019-08-14 15:03:00.697000+00:00,HH,11.48,61.91,VESSEL,15.89,"POLYGON ((-145.098491855 -6.609286354, -141.024999919 -7.577998002, -142.055632142 -11.951342542, -146.169997888 -10.943570879, -145.098491855 -6.609286354))",RS2_20190814_150146_0074_DVWF_HH_SCS_749162_9324_29818029
172,-145.301518,-10.750679,FID: 12,100.0,8363f85d-38bf-44e2-b50c-45941ffb9481,2019-08-14 15:01:46.602000+00:00,2019-08-14 15:03:00.697000+00:00,HH,15.51,74.76,VESSEL,15.49,"POLYGON ((-145.098491855 -6.609286354, -141.024999919 -7.577998002, -142.055632142 -11.951342542, -146.169997888 -10.943570879, -145.098491855 -6.609286354))",RS2_20190814_150146_0074_DVWF_HH_SCS_749162_9324_29818029
